{
   "Albania · Tirana":"al-tia.prod.surfshark.com",
   "Austria · Vienna":"at-vie.prod.surfshark.com",
   "Belgium · Brussels":"be-bru.prod.surfshark.com",
   "Bosnia & Herzegovina · Sarajevo":"ba-sjj.prod.surfshark.com",
   "Bulgaria · Sofia":"bg-sof.prod.surfshark.com",
   "Croatia · Zagreb":"hr-zag.prod.surfshark.com",
   "Cyprus · Nicosia":"cy-nic.prod.surfshark.com",
   "Czech Republic · Prague":"cz-prg.prod.surfshark.com",
   "Denmark · Copenhagen":"dk-cph.prod.surfshark.com",
   "Estonia · Tallinn":"ee-tll.prod.surfshark.com",
   "Finland · Helsinki":"fi-hel.prod.surfshark.com",
   "France · Paris":"fr-par.prod.surfshark.com",
   "France · Bordeaux":"fr-bod.prod.surfshark.com",
   "France · Marseille":"fr-mrs.prod.surfshark.com",
   "Germany · Frankfurt am Main":"de-fra.prod.surfshark.com",
   "Germany · Berlin":"de-ber.prod.surfshark.com",
   "Germany · Nuernberg":"de-nue.prod.surfshark.com",
   "Germany · Munich":"de-muc.prod.surfshark.com",
   "Greece · Athens":"gr-ath.prod.surfshark.com",
   "Hungary · Budapest":"hu-bud.prod.surfshark.com",
   "Iceland · Reykjavik":"is-rkv.prod.surfshark.com",
   "Ireland · Dublin":"ie-dub.prod.surfshark.com",
   "Italy · Milan":"it-mil.prod.surfshark.com",
   "Italy · Rome":"it-rom.prod.surfshark.com",
   "Latvia · Riga":"lv-rig.prod.surfshark.com",
   "Luxembourg · Luxembourg":"lu-ste.prod.surfshark.com",
   "Moldova · Chisinau":"md-chi.prod.surfshark.com",
   "Netherlands · Amsterdam":"nl-ams.prod.surfshark.com",
   "North Macedonia · Skopje":"mk-skp.prod.surfshark.com",
   "Norway · Oslo":"no-osl.prod.surfshark.com",
   "Poland · Gdansk":"pl-gdn.prod.surfshark.com",
   "Poland · Warsaw":"pl-waw.prod.surfshark.com",
   "Portugal · Lisbon":"pt-lis.prod.surfshark.com",
   "Portugal · Porto":"pt-opo.prod.surfshark.com",
   "Portugal · Loule":"pt-lou.prod.surfshark.com",
   "Romania · Bucharest":"ro-buc.prod.surfshark.com",
   "Russia · St. Petersburg":"ru-spt.prod.surfshark.com",
   "Russia · Moscow":"ru-mos.prod.surfshark.com",
   "Serbia · Belgrade":"rs-beg.prod.surfshark.com",
   "Slovakia · Bratislava":"sk-bts.prod.surfshark.com",
   "Slovenia · Ljubljana":"si-lju.prod.surfshark.com",
   "Spain · Madrid":"es-mad.prod.surfshark.com",
   "Spain · Valencia":"es-vlc.prod.surfshark.com",
   "Spain · Barcelona":"es-bcn.prod.surfshark.com",
   "Sweden · Stockholm":"se-sto.prod.surfshark.com",
   "Switzerland · Zurich":"ch-zur.prod.surfshark.com",
   "Ukraine · Kyiv":"ua-iev.prod.surfshark.com",
   "United Kingdom · Manchester":"uk-man.prod.surfshark.com",
   "United Kingdom · Glasgow":"uk-gla.prod.surfshark.com",
   "United Kingdom · London":"uk-lon.prod.surfshark.com",
   "Australia · Brisbane":"au-bne.prod.surfshark.com",
   "Australia · Sydney":"au-syd.prod.surfshark.com",
   "Australia · Adelaide":"au-adl.prod.surfshark.com",
   "Australia · Melbourne":"au-mel.prod.surfshark.com",
   "Australia · Perth":"au-per.prod.surfshark.com",
   "Azerbaijan · Baku":"az-bak.prod.surfshark.com",
   "Hong Kong · Hong Kong":"hk-hkg.prod.surfshark.com",
   "India · Mumbai":"in-mum.prod.surfshark.com",
   "India · Indore":"in-idr.prod.surfshark.com",
   "India · Chennai":"in-chn.prod.surfshark.com",
   "Indonesia · Jakarta":"id-jak.prod.surfshark.com",
   "Japan · Tokyo":"jp-tok.prod.surfshark.com",
   "Kazakhstan · Oral":"kz-ura.prod.surfshark.com",
   "Malaysia · Kuala Lumpur":"my-kul.prod.surfshark.com",
   "New Zealand · Auckland":"nz-akl.prod.surfshark.com",
   "Philippines · Manila":"ph-mnl.prod.surfshark.com",
   "Singapore · Singapore":"sg-sng.prod.surfshark.com",
   "South Korea · Seoul":"kr-seo.prod.surfshark.com",
   "Taiwan · Taichung City":"tw-tai.prod.surfshark.com",
   "Thailand · Bangkok":"th-bkk.prod.surfshark.com",
   "Vietnam · Ho Chi Minh City":"vn-hcm.prod.surfshark.com",
   "Brazil · Sao Paulo":"br-sao.prod.surfshark.com",
   "Canada · Vancouver":"ca-van.prod.surfshark.com",
   "Canada · Toronto":"ca-tor.prod.surfshark.com",
   "Canada · Montreal":"ca-mon.prod.surfshark.com",
   "Chile · Santiago":"cl-san.prod.surfshark.com",
   "Colombia · Bogota":"co-bog.prod.surfshark.com",
   "Costa Rica · San Jose":"cr-sjn.prod.surfshark.com",
   "Paraguay · Asunción":"py-asu.prod.surfshark.com",
   "United States · Bend":"us-bdn.prod.surfshark.com",
   "United States · Salt Lake City":"us-slc.prod.surfshark.com",
   "United States · San Francisco":"us-sfo.prod.surfshark.com",
   "United States · Seattle":"us-sea.prod.surfshark.com",
   "United States · Las Vegas":"us-las.prod.surfshark.com",
   "United States · Los Angeles":"us-lax.prod.surfshark.com",
   "United States · Denver":"us-den.prod.surfshark.com",
   "United States · Phoenix":"us-phx.prod.surfshark.com",
   "United States · Kansas City":"us-kan.prod.surfshark.com",
   "United States · Dallas":"us-dal.prod.surfshark.com",
   "United States · St. Louis":"us-stl.prod.surfshark.com",
   "United States · Chicago":"us-chi.prod.surfshark.com",
   "United States · Houston":"us-hou.prod.surfshark.com",
   "United States · Buffalo":"us-buf.prod.surfshark.com",
   "United States · Detroit":"us-dtw.prod.surfshark.com",
   "United States · Atlanta":"us-atl.prod.surfshark.com",
   "United States · Charlotte":"us-clt.prod.surfshark.com",
   "United States · Latham":"us-ltm.prod.surfshark.com",
   "United States · New York":"us-nyc.prod.surfshark.com",
   "United States · Manassas":"us-mnz.prod.surfshark.com",
   "United States · Tampa":"us-tpa.prod.surfshark.com",
   "United States · Orlando":"us-orl.prod.surfshark.com",
   "United States · Miami":"us-mia.prod.surfshark.com",
   "United States · Boston":"us-bos.prod.surfshark.com",
   "Israel · Tel Aviv":"il-tlv.prod.surfshark.com",
   "Libya · Tripoli":"ly-tip.prod.surfshark.com",
   "Nigeria · Lagos":"ng-lag.prod.surfshark.com",
   "South Africa · Johannesburg":"za-jnb.prod.surfshark.com",
   "Turkey · Bursa":"tr-bur.prod.surfshark.com",
   "United Arab Emirates · Dubai":"ae-dub.prod.surfshark.com"
}
